<?xml version="1.0" encoding="utf-8" standalone="yes"?><root xmlns="urn:schemas-upnp-org:device-1-0"><specVersion><major>1</major><minor>0</minor></specVersion><device><deviceType>urn:dial-multiscreen-org:device:dial:1</deviceType><friendlyName>Praga's Fire TV</friendlyName><manufacturer>Amazon</manufacturer><modelName>AFTM</modelName><UDN>uuid:00e91b8d-743c-3912-a302-2d1eb6bf14a6</UDN><serviceList><service><serviceType>urn:dial-multiscreen-org:service:dial:1</serviceType><serviceId>urn:dial-multiscreen-org:serviceId:dial</serviceId><SCPDURL>/upnp/dev/00e91b8d-743c-3912-a302-2d1eb6bf14a6/svc/dial-multiscreen-org/dial/desc</SCPDURL><controlURL>/upnp/dev/00e91b8d-743c-3912-a302-2d1eb6bf14a6/svc/dial-multiscreen-org/dial/action</controlURL><eventSubURL>/upnp/dev/00e91b8d-743c-3912-a302-2d1eb6bf14a6/svc/dial-multiscreen-org/dial/event</eventSubURL></service></serviceList></device></root>